https://vnexpress.net/doan-tu-vung-trong-15-giay-4394022.html,Giáo dục
https://vnexpress.net/chang-duong-dua-tieng-viet-vao-truong-ivy-league-4393517.html,Giáo dục
https://vnexpress.net/de-xuat-bo-khau-hieu-tien-hoc-le-gay-tranh-cai-4393975.html,Giáo dục
https://vnexpress.net/quy-dinh-day-them-tai-cac-nuoc-chau-a-nhu-the-nao-4393787.html,Giáo dục
https://vnexpress.net/truong-nghe-ren-hoc-sinh-bang-ky-luat-quan-doi-4393722.html,Giáo dục
https://vnexpress.net/nam-sinh-vo-dich-cuoc-thi-tin-hoc-the-gioi-sau-that-bai-o-giai-quoc-gia-4393456.html,Giáo dục
https://vnexpress.net/quy-dinh-ve-day-them-bat-cap-va-het-hieu-luc-4393029.html,Giáo dục
https://vnexpress.net/hon-2-1-trieu-bai-tham-du-an-toan-giao-thong-trong-hoc-duong-4393443.html,Giáo dục
https://vnexpress.net/ra-mat-truong-dai-hoc-quan-ly-va-cong-nghe-tp-hcm-4393279.html,Giáo dục
https://vnexpress.net/5-cau-do-ve-cha-de-cua-nhung-phat-minh-noi-tieng-4393539.html,Giáo dục
https://vnexpress.net/10-dai-hoc-dao-tao-linh-vuc-giao-duc-tot-nhat-the-gioi-4393453.html,Giáo dục
https://vnexpress.net/thu-gui-ba-da-mat-cua-nam-sinh-mac-benh-hiem-ngheo-4393374.html,Giáo dục
https://vnexpress.net/de-xuat-ho-tro-giang-vien-hoc-tien-si-o-nuoc-ngoai-25-000-usd-moi-nam-4393218.html,Giáo dục
https://vnexpress.net/lop-hoc-co-24-em-nhiem-covid-19-chua-ro-nguon-lay-4393560.html,Giáo dục
https://vnexpress.net/co-giao-trung-quoc-bi-sa-thai-vi-uoc-hoc-sinh-nhiem-covid-19-4393417.html,Giáo dục
https://vnexpress.net/10-cau-noi-cua-mieng-bang-tieng-anh-tai-cong-so-4393124.html,Giáo dục
https://vnexpress.net/tra-luong-tot-hon-truong-tu-thu-hut-giao-vien-tre-4392918.html,Giáo dục
https://vnexpress.net/lop-hoc-trong-khu-cach-ly-4393297.html,Giáo dục
https://vnexpress.net/lo-trinh-tu-hoc-ielts-7-0-cho-nguoi-moi-bat-dau-4387424.html,Giáo dục
https://vnexpress.net/3-cach-khoi-day-hung-thu-va-tuong-tac-cho-lop-hoc-truc-tuyen-4393235.html,Giáo dục
https://vnexpress.net/ung-dung-tu-dien-tieng-anh-huu-ich-danh-cho-nguoi-viet-4390008.html,Giáo dục
https://vnexpress.net/ren-tu-duy-voi-cau-do-di-chuyen-que-diem-4392982.html,Giáo dục
https://vnexpress.net/13-dai-hoc-my-gan-nhu-ung-tuyen-la-do-4392742.html,Giáo dục
https://vnexpress.net/bo-truong-nguyen-kim-son-tre-yeu-the-can-duoc-huong-giao-duc-dac-biet-4392738.html,Giáo dục
https://vnexpress.net/bai-toan-3-hinh-vuong-lam-kho-tien-si-4392553.html,Giáo dục
https://vnexpress.net/nha-giao-song-bang-luong-muc-tieu-hang-chuc-nam-van-dang-do-4392133.html,Giáo dục
https://vnexpress.net/dong-ho-ha-nhi-ham-hoc-4386999.html,Giáo dục
https://vnexpress.net/su-ket-hop-doc-dao-trong-buc-tranh-giai-nhat-vi-mot-viet-nam-tat-thang-4392836.html,Giáo dục
https://vnexpress.net/6-cach-giup-tre-doc-lap-hon-4392643.html,Giáo dục
https://vnexpress.net/12-truong-o-dong-nai-hoc-truc-tiep-tu-hom-nay-4392514.html,Giáo dục
https://vnexpress.net/t-amp-t-group-hop-tac-chien-luoc-voi-dai-hoc-quoc-gia-ha-noi-4392756.html,Giáo dục
https://vnexpress.net/chu-nhan-nobel-chia-se-ve-nghien-cuu-khoa-hoc-tren-truyen-hinh-viet-nam-4392675.html,Giáo dục
https://vnexpress.net/phat-trien-the-chat-tinh-than-cho-tre-mam-non-4382168.html,Giáo dục
https://vnexpress.net/nam-cau-do-ve-nhung-dia-danh-quen-thuoc-o-tp-hcm-4392193.html,Giáo dục
https://vnexpress.net/khong-phai-moi-sinh-vien-vao-duoc-harvard-deu-gioi-4388679.html,Giáo dục
https://vnexpress.net/thay-co-xoay-xo-song-bang-nghe-phu-4391370.html,Giáo dục
https://vnexpress.net/danh-tu-ghep-trong-tieng-anh-4391483.html,Giáo dục
https://vnexpress.net/dap-an-bai-toan-luyen-doi-tuyen-thi-quoc-te-4391583.html,Giáo dục
https://vnexpress.net/ca-map-trang-tan-cong-hai-cau-gan-bo-4393086.html,Khoa học
https://vnexpress.net/lan-dau-tien-lap-ban-do-long-dat-sao-hoa-4393641.html,Khoa học
https://vnexpress.net/viet-nam-tiep-nhan-cong-nghe-lam-gach-op-lat-co-lon-4387170.html,Khoa học
https://vnexpress.net/sinh-vien-che-tao-ao-khoac-tu-noi-khi-xuong-nuoc-4390400.html,Khoa học
https://vnexpress.net/viet-nam-tiep-nhan-cong-nghe-lam-gach-op-lat-co-lon-4387170.html,Khoa học
https://vnexpress.net/startup-viet-vuot-thu-thach-cung-cong-nghe-ai-4285788.html,Khoa học
https://vnexpress.net/ben-trong-to-may-thuy-dien-lon-nhat-the-gioi-4393647.html,Khoa học
https://vnexpress.net/may-bay-co-the-doi-huong-canh-quat-trong-60-giay-4393090.html,Khoa học
https://vnexpress.net/australia-tim-cach-tieu-diet-6-trieu-meo-hoang-4393640.html,Khoa học
https://vnexpress.net/nasa-phong-tau-lam-chech-huong-tieu-hanh-tinh-4393636.html,Khoa học
https://vnexpress.net/phat-minh-buc-bay-dat-canh-quat-duoi-chan-nguoi-lai-4392524.html,Khoa học
https://vnexpress.net/nguoi-dan-ong-nham-thien-thach-17-kg-la-khoi-vang-4393546.html,Khoa học
https://vnexpress.net/trung-quoc-du-dinh-lap-canh-de-tang-toc-tau-vien-dan-4393099.html,Khoa học
https://vnexpress.net/du-an-dien-gio-ngoai-khoi-lon-nhat-trung-quoc-4392749.html,Khoa học
https://vnexpress.net/phat-hien-rua-co-hai-dau-sau-chan-4393106.html,Khoa học
https://vnexpress.net/nha-di-dong-co-the-bo-tren-moi-dia-hinh-4393089.html,Khoa học
https://vnexpress.net/ten-lua-cua-startup-my-lan-dau-cho-hang-len-quy-dao-4393088.html,Khoa học
https://vnexpress.net/giai-phap-xanh-cho-nganh-chan-nuoi-tu-rong-bien-4387290.html,Khoa học
https://vnexpress.net/nasa-thu-nghiem-lien-lac-bang-laser-tu-khong-gian-4392951.html,Khoa học
https://vnexpress.net/gs-tran-van-tho-de-xuat-tang-dau-tu-cho-khoa-hoc-4393572.html,Khoa học
https://vnexpress.net/cac-startup-ve-ai-thuyet-trinh-du-an-truoc-nha-dau-tu-4393421.html,Khoa học
https://vnexpress.net/nha-khoa-hoc-dung-phan-mem-chan-benh-cho-bo-song-4383465.html,Khoa học
https://vnexpress.net/ban-thao-cua-einstein-dau-gia-hang-trieu-do-4392528.html,Khoa học
https://vnexpress.net/nha-may-bia-lap-lo-phan-ung-chua-hang-nghin-ty-vi-tao-4392537.html,Khoa học
https://vnexpress.net/trung-quoc-van-hanh-tram-nhien-lieu-hydro-dau-tien-4392525.html,Khoa học
https://vnexpress.net/nguon-goc-kho-vang-cua-pharaoh-tutankhamun-4392507.html,Khoa học
https://vnexpress.net/tau-my-tach-khoi-tram-iss-de-thuc-hien-thi-nghiem-4392508.html,Khoa học
https://vnexpress.net/giao-su-nguoi-viet-canh-bao-o-nhiem-dat-hiem-trong-rac-dien-tu-4384191.html,Khoa học
https://vnexpress.net/thanh-pho-cuc-bac-cua-my-sap-chim-trong-bong-toi-66-ngay-4392523.html,Khoa học
https://vnexpress.net/robot-nasa-chup-anh-hoang-hon-khac-thuong-tren-sao-hoa-4392172.html,Khoa học
https://vnexpress.net/bien-doi-khi-hau-khien-tang-doi-luu-phinh-ra-4392150.html,Khoa học
https://vnexpress.net/robot-ti-hon-cho-thuoc-den-tieu-diet-te-bao-ung-thu-4390711.html,Khoa học
https://vnexpress.net/ty-phu-nhat-bat-dau-huan-luyen-cho-chuyen-du-lich-vu-tru-4391874.html,Khoa học
https://vnexpress.net/nasa-phat-trien-lo-phan-ung-hat-nhan-tren-mat-trang-4390698.html,Khoa học
https://vnexpress.net/nghich-ly-bang-tan-giup-phat-trien-nong-nghiep-xanh-4390717.html,Khoa học
https://vnexpress.net/3-con-ho-mang-chua-cung-quan-quanh-than-cay-4391855.html,Khoa học
https://vnexpress.net/ba-ty-dong-duoc-rot-cho-startup-4391800.html,Khoa học
https://vnexpress.net/khi-doi-tuyen-viet-nam-ha-do-cao-4385874.html,Thể thao
https://vnexpress.net/thai-lan-trieu-tap-doi-hinh-manh-nhat-cho-aff-cup-4394010.html,Thể thao
https://vnexpress.net/messi-nho-thuo-canh-tranh-voi-ronaldo-o-la-liga-4393592.html,Thể thao
https://vnexpress.net/man-city-psg-su-khac-biet-cua-messi-4393991.html,Thể thao
https://vnexpress.net/man-utd-muon-cuu-hlv-barca-tam-quyen-4394032.html,Thể thao
https://vnexpress.net/vi-sao-cau-thu-chelsea-khong-bi-phat-du-bong-cham-tay-4393726.html,Thể thao
https://vnexpress.net/hlv-benfica-dap-dau-xuong-san-vi-pha-hong-an-truoc-barca-4393711.html,Thể thao
https://vnexpress.net/pga-tour-tang-manh-tien-thuong-4393899.html,Thể thao
https://vnexpress.net/pochettino-chuyen-o-clb-khac-khong-lien-quan-den-toi-4393770.html,Thể thao
https://vnexpress.net/xavi-barca-choi-mot-tran-tuyet-voi-tru-ket-qua-4393632.html,Thể thao
https://vnexpress.net/lewandowski-tai-hien-sieu-pham-moc-bong-cua-ronaldo-4393629.html,Thể thao
https://vnexpress.net/barca-nguy-co-da-europa-league-4393627.html,Thể thao
https://vnexpress.net/carrick-chien-thang-nay-thuoc-ve-solskjaer-4393621.html,Thể thao
https://vnexpress.net/chelsea-giat-dinh-bang-tu-juventus-4393620.html,Thể thao
https://vnexpress.net/ronaldo-pha-ky-luc-ghi-ban-thang-muon-4393616.html,Thể thao
https://vnexpress.net/ronaldo-dua-man-utd-vao-vong-1-8-champions-league-4393611.html,Thể thao
https://vnexpress.net/gan-240-000-nguoi-tham-gia-giai-chay-truc-tuyen-uprace-4393891.html,Thể thao
https://vnexpress.net/vnexpress-marathon-amazing-halong-doi-ngay-to-chuc-4393849.html,Thể thao
https://vnexpress.net/aff-cup-mo-neo-niem-tin-cua-hlv-park-4393352.html,Thể thao
https://vnexpress.net/sampras-djokovic-vuot-troi-federer-nadal-va-nextgen-4393300.html,Thể thao
https://vnexpress.net/atp-gioi-han-so-phut-vao-phong-tam-cua-cac-tay-vot-4393259.html,Thể thao
https://vnexpress.net/verstappen-can-gi-de-dang-quang-tai-saudi-arabia-gp-4393236.html,Thể thao
https://vnexpress.net/djokovic-dung-noi-ve-tien-cua-toi-nadal-va-federer-nua-4393145.html,Thể thao
https://vnexpress.net/ole-solskjaer-sai-o-dau-4386770.html,Thể thao
https://vnexpress.net/khi-man-utd-can-mot-tran-danh-nhau-4393303.html,Thể thao
https://vnexpress.net/ha-noi-watabe-va-tp-hcm-so-ke-gat-gao-o-giai-nu-vdqg-4393296.html,Thể thao
https://vnexpress.net/maradona-duoc-chon-ma-khong-co-tim-4393283.html,Thể thao
https://vnexpress.net/vff-bo-hai-tro-ly-khong-anh-huong-den-hlv-park-4393193.html,Thể thao
https://vnexpress.net/doi-bong-nu-cua-lee-nguyen-vo-dich-my-4393199.html,Thể thao
https://vnexpress.net/tiger-woods-tap-luyen-tro-lai-4379975.html,Thể thao
https://vnexpress.net/villarreal-man-utd-guong-day-hay-sup-do-4393518.html,Thể thao
https://vnexpress.net/barca-benfica-tran-tu-chien-cua-xavi-4393480.html,Thể thao
https://vnexpress.net/xavi-pedri-that-phi-thuong-4393229.html,Thể thao
https://vnexpress.net/ronaldo-tri-an-solskjaer-4393185.html,Thể thao
https://vnexpress.net/maguire-cac-cau-thu-man-utd-phai-chiu-moi-trach-nhiem-4393078.html,Thể thao
https://vnexpress.net/carrick-toi-co-nhung-y-tuong-rieng-4393073.html,Thể thao
https://vnexpress.net/merson-ronaldo-pha-hong-ke-hoach-cua-solskjaer-4393060.html,Thể thao
https://vnexpress.net/pochettino-muon-dan-dat-man-utd-4393054.html,Thể thao
https://vnexpress.net/hoc-vien-bong-da-phu-dong-ra-mat-4377509.html,Thể thao
https://vnexpress.net/man-utd-lien-he-voi-rodgers-4393032.html,Thể thao
https://vnexpress.net/pedri-doat-giai-cau-be-vang-2021-4393031.html,Thể thao
https://vnexpress.net/zverev-tao-the-chan-vac-voi-djokovic-medvedev-4392949.html,Thể thao
https://vnexpress.net/than-dong-firouzja-pha-ky-luc-cua-vua-co-carlsen-4392914.html,Thể thao
https://vnexpress.net/doanh-nghiep-muon-vay-von-lai-suat-khoang-4-mot-nam-4393875.html,Thể thao
https://vnexpress.net/vn-index-lap-dinh-moi-4394041.html,Thể thao
https://vnexpress.net/lan-song-covid-19-moi-de-doa-da-phuc-hoi-cua-chau-au-4393864.html,Thể thao
https://vnexpress.net/novaland-cung-doi-tac-huong-den-phat-trien-ben-vung-4394126.html,Thể thao
https://vnexpress.net/co-hoi-moi-cho-cay-sam-ngoc-linh-4394077.html,Thể thao
https://vnexpress.net/no-xau-ngan-hang-quay-lai-muc-cao-cua-4-nam-truoc-4393989.html,Thể thao
https://vnexpress.net/hitachi-ngo-y-xay-duong-sat-o-viet-nam-4393823.html,Thể thao
https://vnexpress.net/chu-tich-coteccons-cam-ket-chi-nhan-luong-1-usd-4393594.html,Thể thao
https://vnexpress.net/gia-xang-ngay-mai-co-the-giam-manh-4393412.html,Thể thao
https://vnexpress.net/nguon-cung-bat-dong-san-van-yeu-trong-nam-2022-4394090.html,Thể thao
https://vnexpress.net/11-dia-phuong-bi-thanh-tra-quy-dat-nha-o-xa-hoi-4393862.html,Thể thao
https://vnexpress.net/lap-tuyen-van-tai-bien-viet-nam-malaysia-an-do-4393729.html,Thể thao
https://vnexpress.net/lai-gan-600-trieu-usd-nho-evergrande-4393856.html,Thể thao
https://vnexpress.net/kien-giang-de-xuat-co-che-dac-thu-cho-phu-quoc-4393794.html,Thể thao
https://vnexpress.net/nhieu-nuoc-dong-y-cung-my-mo-kho-du-tru-dau-4393662.html,Thể thao
https://vnexpress.net/thaiholdings-tiep-tuc-thoai-cac-khoan-dau-tu-4393805.html,Thể thao
https://vnexpress.net/hon-trieu-dong-mot-qua-buoi-do-ve-thu-phap-4393363.html,Thể thao
https://vnexpress.net/thu-tuong-uu-tien-von-oda-tang-nang-luc-y-te-co-so-du-phong-4393775.html,Thể thao
https://vnexpress.net/samsung-xay-nha-may-17-ty-usd-tai-my-4393628.html,Thể thao
https://vnexpress.net/nhieu-dai-gia-nhat-muon-mo-rong-hoat-dong-tai-viet-nam-4393619.html,Thể thao
https://vnexpress.net/vinh-phuc-keu-goi-dau-tu-voi-tinh-cong-nghiep-che-tao-so-2-nhat-ban-4393682.html,Thể thao
https://vnexpress.net/gia-vang-the-gioi-xuong-day-3-tuan-4393654.html,Thể thao
https://vnexpress.net/co-nen-mua-dat-xa-vung-giap-ranh-tp-hcm-4393222.html,Thể thao
https://vnexpress.net/16-ngan-hang-giam-lai-suat-cho-vay-hon-15-500-ty-dong-4393565.html,Thể thao
https://vnexpress.net/ha-tinh-tim-cach-quang-ba-cam-dac-san-4393562.html,Thể thao
https://vnexpress.net/3-chinh-sach-bao-hiem-nen-co-4393741.html,Thể thao
https://vnexpress.net/doanh-nghiep-my-tin-viet-nam-se-nhanh-phuc-hoi-4394089.html,Thể thao
https://vnexpress.net/kinh-nghiem-quan-ly-tai-chinh-ca-nhan-trong-binh-thuong-moi-4393795.html,Thể thao
https://vnexpress.net/dau-tu-kho-bai-tang-tinh-canh-tranh-cho-doanh-nghiep-logistics-4393839.html,Thể thao
https://vnexpress.net/loat-ha-tang-ty-usd-tao-vi-the-cho-binh-chanh-4392572.html,Thể thao
https://vnexpress.net/thu-tuong-doi-thoai-voi-17-lanh-dao-cong-nghe-hang-dau-nhat-4393720.html,Thể thao
https://vnexpress.net/taka-garden-riverside-homes-don-xu-huong-do-thi-vung-ven-4393506.html,Thể thao
https://vnexpress.net/berriver-jardin-dinh-hinh-phong-cach-song-nghi-duong-4393211.html,Thể thao
https://vnexpress.net/gia-vang-the-gioi-tiep-tuc-giam-manh-4393567.html,Thể thao
https://vnexpress.net/gioi-tre-my-gop-tien-mua-chung-nha-4393337.html,Thể thao
https://vnexpress.net/nhung-quan-ven-do-con-nha-duoi-2-ty-dong-mot-can-4393372.html,Thể thao
https://vnexpress.net/chung-khoan-tang-manh-nhat-tu-dau-thang-4393413.html,Thể thao
https://vnexpress.net/gan-cuoi-nam-duoi-1-ty-dong-gui-ngan-hang-nao-loi-nhat-4392984.html,Thể thao
https://vnexpress.net/quyt-unshu-nhat-ban-sap-xuat-sang-viet-nam-4393136.html,Thể thao
https://vnexpress.net/du-kien-keo-dai-han-giam-30-phi-su-dung-duong-bo-4393561.html,Thể thao
https://vnexpress.net/de-xuat-lap-nhieu-khu-dieu-tri-f0-nhe-tai-khu-cong-nghiep-4393543.html,Thể thao
https://vnexpress.net/cac-to-chuc-rot-hon-9-ty-usd-vao-tien-so-4393523.html,Thể thao
https://vnexpress.net/ong-nguyen-duc-huong-tai-xuat-4393404.html,Thể thao
https://vnexpress.net/xuat-khau-tom-tang-manh-o-nhieu-thi-truong-4393335.html,Thể thao
https://vnexpress.net/biden-dat-cuoc-tuong-lai-kinh-te-my-vao-chu-tich-fed-4393129.html,Thể thao
https://vnexpress.net/ga-tay-dat-do-trong-le-ta-on-cua-nguoi-my-4393264.html,Thể thao
https://vnexpress.net/doanh-nghiep-chuong-mo-hinh-lam-viec-nay-o-nha-mai-len-cong-so-4382873.html,Thể thao
https://vnexpress.net/gia-vang-the-gioi-lao-doc-4393101.html,Thể thao
https://vnexpress.net/benh-vien-tu-nhan-lo-nang-mua-dich-4392889.html,Thể thao
https://vnexpress.net/tuong-lai-tuoi-sang-cho-lao-dong-toan-cau-nam-2022-4392736.html,Thể thao
https://vnexpress.net/f0-cong-dong-tai-ha-noi-nhieu-nhat-trong-10-ngay-qua-4394099.html,Khoa học
https://vnexpress.net/chien-luoc-chong-covid-19-khac-biet-cua-singapore-4383985.html,Khoa học
https://vnexpress.net/them-11-811-ca-covid-19-4394095.html,Khoa học
https://vnexpress.net/tre-2-ngay-tuoi-ngo-doc-sai-thuoc-phien-4393936.html,Khoa học
https://vnexpress.net/hai-nguoi-tu-vong-sau-tiem-vaccine-covid-19-4393882.html,Khoa học
https://vnexpress.net/trung-quoc-cach-ly-y-te-lau-nhat-the-gioi-4393605.html,Khoa học
https://vnexpress.net/cach-cham-soc-da-khi-giao-mua-4393580.html,Khoa học
https://vnexpress.net/bai-hoc-tu-thanh-cong-tiem-chung-cua-campuchia-malaysia-4393776.html,Khoa học
https://vnexpress.net/nang-do-tam-ly-cho-tre-mat-nguoi-than-trong-dai-dich-4392795.html,Khoa học
https://vnexpress.net/chuyen-gia-virus-co-the-tu-huy-diet-hoac-tiem-tang-bung-phat-4393158.html,Khoa học
https://vnexpress.net/pfizer-quyet-tam-bao-ve-cong-thuc-vaccine-covid-19-4392956.html,Khoa học
https://vnexpress.net/can-benh-gay-co-cung-cac-bo-phan-co-the-4393389.html,Khoa học
https://vnexpress.net/dau-hieu-canh-bao-nang-voi-f0-tai-nha-4393239.html,Khoa học
https://vnexpress.net/liet-day-than-kinh-so-7-tai-bien-do-tam-dem-lanh-dot-ngot-4393380.html,Khoa học
https://vnexpress.net/nhung-vaccine-nao-phong-viem-phoi-4393429.html,Khoa học
https://vnexpress.net/khi-nao-benh-ly-san-chau-nguy-hiem-4393056.html,Khoa học
https://vnexpress.net/lay-lao-phoi-do-tiep-xuc-an-chung-dong-nghiep-4393718.html,Khoa học
https://vnexpress.net/phu-huynh-giai-ma-gen-de-nuoi-day-con-dung-cach-4393474.html,Khoa học
https://vnexpress.net/cay-ghep-thanh-cong-day-chang-nhan-tao-dau-tien-tai-viet-nam-4393683.html,Khoa học
https://vnexpress.net/cach-chua-viem-khop-dang-thap-4393454.html,Khoa học
https://vnexpress.net/nguoi-tre-benh-nen-co-nguy-co-dot-tu-khi-co-tim-phi-dai-4393212.html,Khoa học
https://vnexpress.net/39-doanh-nghiep-duoc-nhap-nguyen-lieu-san-xuat-thuoc-molnupiravir-4393248.html,Khoa học
https://vnexpress.net/hon-33-600-tre-ha-noi-da-tiem-vaccine-covid-4393511.html,Khoa học
https://vnexpress.net/covid-19-ngay-23-11-4393526.html,Khoa học
https://vnexpress.net/benh-vien-tra-tien-thu-sai-cua-hon-286-000-benh-nhan-4393280.html,Khoa học
https://vnexpress.net/tp-hcm-ngung-phat-tui-thuoc-b-cho-f0-tai-nha-4393331.html,Khoa học
https://vnexpress.net/ly-do-mot-so-virus-gay-dai-dich-tu-huy-diet-4393326.html,Khoa học
https://vnexpress.net/binh-duong-xin-cap-ma-so-bo-sung-28-000-f0-4393317.html,Khoa học
https://vnexpress.net/lan-dau-noi-soi-lay-manh-gan-tu-nguoi-song-de-ghep-4393143.html,Khoa học
https://vnexpress.net/f0-khong-duoc-cach-ly-tai-nha-neu-gia-dinh-co-nguoi-nguy-co-4393133.html,Khoa học
https://vnexpress.net/di-tat-bo-phan-sinh-duc-khien-be-trai-phai-ngoi-di-tieu-4392653.html,Khoa học
https://vnexpress.net/bai-tap-tang-cuong-ho-hap-cho-f0-tai-nha-4392648.html,Khoa học
https://vnexpress.net/tre-10-tuoi-can-tiem-vaccine-gi-4387452.html,Khoa học
https://vnexpress.net/ruot-non-be-gai-bi-xoan-den-hoai-tu-4392991.html,Khoa học
https://vnexpress.net/dung-vitamin-c-dung-cach-thoi-dich-de-tranh-thua-4393295.html,Khoa học
https://vnexpress.net/cach-can-thiep-va-xu-tri-som-thai-ky-nguy-co-cao-4393131.html,Khoa học
https://vnexpress.net/yeu-to-danh-gia-hoi-chung-truyen-mau-song-thai-nguy-hiem-4392770.html,Khoa học
https://vnexpress.net/di-bo-bat-nhip-cuoc-song-binh-thuong-moi-4393130.html,Khoa học
https://vnexpress.net/dieu-tri-dung-cach-khi-viem-vung-chau-man-tinh-4393049.html,Khoa học
https://vnexpress.net/4-khop-de-bi-dau-nhuc-thoai-hoa-4387413.html,Khoa học
https://vnexpress.net/tiem-nang-phat-trien-cong-nghe-giai-ma-gen-tai-viet-nam-4380852.html,Khoa học
https://vnexpress.net/hai-ly-do-khien-ca-tu-vong-tai-tp-hcm-con-cao-4393005.html,Khoa học
https://vnexpress.net/ha-noi-tiem-vaccine-covid-19-cho-tre-tu-ngay-23-11-4393008.html,Khoa học
https://vnexpress.net/ha-noi-phat-sinh-o-dich-moi-tai-khu-cong-nghiep-4392987.html,Khoa học
https://vnexpress.net/khanh-hoa-lap-136-tram-y-te-luu-dong-4392881.html,Khoa học
https://vnexpress.net/them-10-321-ca-covid-19-4393002.html,Khoa học
https://vnexpress.net/di-vat-troi-theo-mach-mau-mac-ket-o-tim-4392704.html,Khoa học
https://vnexpress.net/giam-doc-benh-vien-trung-vuong-bi-khien-trach-4392853.html,Khoa học
https://vnexpress.net/tong-thong-putin-tiem-lieu-tang-cuong-vaccine-sputnik-light-4392874.html,Khoa học
https://vnexpress.net/trung-quoc-phat-hien-ncov-tren-buu-pham-4392841.html,Khoa học
https://vnexpress.net/du-tru-dau-vu-khi-giup-trung-quoc-ra-oai-voi-my-4393964.html,Thế giới
https://vnexpress.net/tiem-kich-f-35-anh-co-the-lao-xuong-bien-vi-mot-tam-nhua-4394034.html,Thế giới
https://vnexpress.net/duc-an-dinh-nguoi-ke-nhiem-merkel-4394101.html,Thế giới
https://vnexpress.net/thu-nghiem-keo-cao-su-giam-tai-luong-ncov-4394087.html,Thế giới
https://vnexpress.net/cuoc-song-cua-nguoi-viet-o-nhat-khi-covid-19-ha-nhiet-4393868.html,Thế giới
https://vnexpress.net/trung-quoc-tuc-gian-vi-my-moi-dai-loan-du-hoi-nghi-dan-chu-4394036.html,Thế giới
https://vnexpress.net/nguoi-chet-vi-covid-19-xep-kin-nha-xac-romania-4394006.html,Thế giới
https://vnexpress.net/nhac-dam-cuoi-nghi-lam-chet-63-con-ga-4394016.html,Thế giới
https://vnexpress.net/ukraine-mo-chien-dich-dac-biet-gan-bien-gioi-belarus-4393966.html,Thế giới
https://vnexpress.net/7-bac-si-mac-covid-19-sau-hoi-nghi-bai-vaccine-4393903.html,Thế giới
https://vnexpress.net/han-quoc-bung-o-dich-giao-phai-4393913.html,Thế giới
https://vnexpress.net/bao-trung-quoc-noi-washington-nho-cay-bac-kinh-xa-kho-dau-4393865.html,Thế giới
https://vnexpress.net/hop-hen-ho-thu-hut-nguoi-tre-trung-quoc-4393800.html,Thế giới
https://vnexpress.net/ly-do-covid-19-ha-nhiet-o-loat-diem-nong-chau-a-4393694.html,Thế giới
https://vnexpress.net/ran-doc-nup-ca-dem-duoi-gam-giuong-be-gai-4393820.html,Thế giới
https://vnexpress.net/trung-quoc-muon-ky-thoa-thuan-khong-vu-khi-hat-nhan-voi-asean-4393832.html,Thế giới
https://vnexpress.net/nguoi-bai-vaccine-chet-sau-tiec-covid-19-4393790.html,Thế giới
https://vnexpress.net/co-dau-deo-10-kg-vang-rai-kin-tien-tren-giuong-cuoi-4393686.html,Thế giới
https://vnexpress.net/phong-khong-syria-chan-don-tap-kich-israel-4393663.html,Thế giới
https://vnexpress.net/ban-thao-cua-albert-einstein-gia-13-trieu-usd-4393661.html,Thế giới
https://vnexpress.net/chien-ham-viet-nam-tham-gia-dien-tap-hai-quan-asean-nga-4393695.html,Thế giới
https://vnexpress.net/benh-vien-qua-tai-ha-lan-chuyen-benh-nhan-covid-19-toi-duc-4393674.html,Thế giới
https://vnexpress.net/an-do-muon-cam-tien-dien-tu-tu-nhan-4393655.html,Thế giới
https://vnexpress.net/quan-chuc-nha-trang-noi-my-tang-viet-nam-them-4-1-trieu-lieu-pfizer-4393657.html,Thế giới
https://vnexpress.net/nga-to-my-dien-tap-tan-cong-hat-nhan-sat-bien-gioi-4393658.html,Thế giới
https://vnexpress.net/nghi-pham-xe-dien-hau-toa-4393631.html,Thế giới
https://vnexpress.net/chong-merkel-chi-trich-nguoi-khong-tiem-chung-tu-man-4393635.html,Thế giới
https://vnexpress.net/my-that-the-truoc-trung-quoc-trong-cuoc-dua-vang-xanh-4393125.html,Thế giới
https://vnexpress.net/my-noi-lai-thao-luan-voi-taliban-4393623.html,Thế giới
https://vnexpress.net/chau-au-co-the-them-700-000-nguoi-chet-vi-covid-19-4393622.html,Thế giới
https://vnexpress.net/hanh-dien-lam-gai-e-o-trung-quoc-4393115.html,Thế giới
https://vnexpress.net/taliban-tuyen-bo-loai-thanh-vien-nhan-cach-toi-4393593.html,Thế giới
https://vnexpress.net/thu-tuong-tim-phuong-an-day-tieng-viet-cho-con-em-kieu-bao-4393577.html,Thế giới
https://vnexpress.net/nghi-pham-xe-dien-my-duoc-tai-ngoai-ngay-truoc-vu-an-4393570.html,Thế giới
https://vnexpress.net/tong-thong-nga-nhan-loi-du-olympic-bac-kinh-4393533.html,Thế giới
https://vnexpress.net/thu-tuong-pham-minh-chinh-neu-6-linh-vuc-tang-hop-tac-voi-nhat-ban-4393540.html,Thế giới
https://vnexpress.net/chau-au-siet-vong-kim-co-chong-covid-19-4393091.html,Thế giới
https://vnexpress.net/ca-ncov-an-do-thap-nhat-18-thang-bat-chap-le-hoi-4393509.html,Thế giới
https://vnexpress.net/nu-canh-sat-han-quoc-gay-tranh-cai-vi-khong-ngan-ke-chem-nguoi-4393452.html,Thế giới
https://vnexpress.net/to-chuc-my-bac-cao-buoc-dua-virus-giong-ncov-den-vu-han-4393439.html,Thế giới
https://vnexpress.net/toa-cho-nguoi-nghien-viec-tren-tau-cao-toc-nhat-4393460.html,Thế giới
https://vnexpress.net/quy-trinh-my-anh-co-the-vot-xac-tiem-kich-f-35-4393246.html,Thế giới
https://vnexpress.net/philippines-tiep-te-cho-linh-don-tru-trai-phep-o-bai-co-may-4393420.html,Thế giới
https://vnexpress.net/trung-quoc-dien-tap-ban-dan-that-gan-an-do-4393382.html,Thế giới
https://vnexpress.net/xe-buyt-boc-chay-tren-cao-toc-45-nguoi-chet-4393339.html,Thế giới
https://vnexpress.net/ung-vien-tong-thong-philippines-tung-la-con-nghien-kho-khao-4393308.html,Thế giới
https://vnexpress.net/merkel-covid-19-o-duc-toi-te-hon-bao-gio-het-4393281.html,Thế giới
https://vnexpress.net/vo-justin-bieber-lot-xac-qua-thoi-gian-4393516.html,Giải trí
https://vnexpress.net/lisa-nhom-blackpink-nhiem-ncov-4394088.html,Giải trí
https://vnexpress.net/my-nhan-an-do-tai-miss-world-2021-4393924.html,Giải trí
https://vnexpress.net/tra-my-idol-toi-khong-con-hop-showbiz-4388223.html,Giải trí
https://vnexpress.net/lam-tam-nhu-dong-phim-ve-an-mang-4393880.html,Giải trí
https://vnexpress.net/ha-ho-kim-ly-tai-hien-mv-ca-mot-troi-thuong-nho-4394012.html,Giải trí
https://vnexpress.net/thi-sang-tac-van-hoc-de-tai-cong-nhan-4393878.html,Giải trí
https://vnexpress.net/do-thi-ha-duoc-du-doan-vao-top-20-miss-world-4393803.html,Giải trí
https://vnexpress.net/ly-bang-bang-sa-sut-suc-khoe-4393793.html,Giải trí
https://vnexpress.net/chu-diep-anh-em-co-gang-vua-hoc-vua-dong-phim-4387679.html,Giải trí
https://vnexpress.net/phong-cach-tuoi-18-cua-bong-hong-phim-diep-van-4393398.html,Giải trí
https://vnexpress.net/thuy-tien-hat-tieng-thai-tai-miss-grand-4393997.html,Giải trí
https://vnexpress.net/minh-tinh-italy-kho-vi-tranh-cai-tai-san-voi-con-4393905.html,Giải trí
https://vnexpress.net/hoang-dung-gducky-lam-moi-hit-cu-4390902.html,Giải trí
https://vnexpress.net/bts-nhan-de-cu-grammy-nam-thu-hai-lien-tiep-4393582.html,Giải trí
https://vnexpress.net/gu-mac-don-gian-cua-nguoi-dep-hollywood-goc-can-tho-4393270.html,Giải trí
https://vnexpress.net/nhiep-anh-gia-xin-loi-vi-anh-boi-xau-phu-nu-trung-quoc-4393578.html,Giải trí
https://vnexpress.net/trinh-sang-ngo-diec-pham-bi-canh-cao-4393571.html,Giải trí
https://vnexpress.net/do-thi-ha-gap-go-dan-thi-sinh-miss-world-4393548.html,Giải trí
https://vnexpress.net/nhan-sac-hoa-hau-han-quoc-2021-4393470.html,Giải trí
https://vnexpress.net/cuu-cong-chua-nhat-mac-thoai-mai-sau-lay-chong-4393442.html,Giải trí
https://vnexpress.net/mac-van-khoa-xay-nha-san-tang-bo-me-4393342.html,Giải trí
https://vnexpress.net/13-nam-hon-nhan-cua-hoa-hau-dep-nhat-hong-kong-4393286.html,Giải trí
https://vnexpress.net/tuan-tran-toi-doat-nam-chinh-xuat-sac-nho-cong-tran-thanh-4393144.html,Giải trí
https://vnexpress.net/tu-hy-vien-mong-chong-cu-tim-duoc-nguoi-hon-toi-4393119.html,Giải trí
https://vnexpress.net/con-gai-13-tuoi-cua-tran-bao-son-4392574.html,Giải trí
https://vnexpress.net/hoa-hau-thai-bi-chi-trich-vi-anh-dung-tren-quoc-ky-4393529.html,Giải trí
https://vnexpress.net/vu-ngoc-va-son-lang-xe-gam-xanh-la-4393544.html,Giải trí
https://vnexpress.net/hellbound-the-gioi-cuong-tin-4393155.html,Giải trí
https://vnexpress.net/thao-trang-lan-bien-ngam-san-ho-4393225.html,Giải trí
https://vnexpress.net/justin-bieber-ninh-vo-4393150.html,Giải trí
https://vnexpress.net/aaron-carter-co-con-dau-4393153.html,Giải trí
https://vnexpress.net/park-shin-hye-sap-cuoi-4393148.html,Giải trí
https://vnexpress.net/thanh-tuu-va-rao-can-phat-trien-cong-nghiep-van-hoa-viet-nam-4391821.html,Giải trí
https://vnexpress.net/mat-troi-hy-vong-khuc-hat-danh-tang-tre-em-yeu-the-4392876.html,Giải trí
https://vnexpress.net/cac-my-nhan-den-puerto-rico-thi-miss-world-4392945.html,Giải trí
https://vnexpress.net/tu-hy-vien-10-nam-du-doi-4392799.html,Giải trí
https://vnexpress.net/quyen-linh-toi-bi-noi-lam-mau-khi-vac-gao-cuu-tro-4386605.html,Giải trí
https://vnexpress.net/bong-hong-lai-han-quoc-chuong-mac-ho-eo-4385607.html,Giải trí
https://vnexpress.net/phong-cach-tuoi-73-cua-me-ty-phu-elon-musk-4392823.html,Giải trí
https://vnexpress.net/nhung-buc-tranh-doat-giai-vi-mot-viet-nam-tat-thang-4392577.html,Giải trí
https://vnexpress.net/tu-hy-vien-ly-hon-4392772.html,Giải trí
https://vnexpress.net/cardi-b-deo-mat-na-vang-4392613.html,Giải trí
https://vnexpress.net/vo-chong-tu-hy-vien-phan-chia-tai-san-4392527.html,Giải trí
https://vnexpress.net/thi-sinh-miss-grand-trong-trang-phuc-ao-tam-4392569.html,Giải trí
https://vnexpress.net/30-cua-adele-khuc-hat-ve-do-vo-4392478.html,Giải trí
https://vnexpress.net/binz-rhymastic-ben-cac-hoc-tro-rap-viet-4392743.html,Giải trí
https://vnexpress.net/thuc-uong-noi-tieng-argentina-duoc-messi-yeu-thich-4393951.html,Du lịch
https://vnexpress.net/tinh-nao-co-nhieu-thanh-pho-nhat-viet-nam-4389976.html,Du lịch
https://vnexpress.net/chuyen-buon-ve-6-san-bay-bi-bo-hoang-tren-the-gioi-4388842.html,Du lịch
https://vnexpress.net/7-diem-leo-nui-nguy-hiem-nhat-the-gioi-4389435.html,Du lịch
https://vnexpress.net/thanh-vo-chong-sau-hang-chuc-chuyen-du-lich-cung-nhau-4393299.html,Du lịch
https://vnexpress.net/resort-sang-trong-noi-hoa-hau-do-thi-ha-thi-miss-world-4393379.html,Du lịch
https://vnexpress.net/ve-dep-xuyen-khong-tai-lang-co-duong-lam-4387649.html,Du lịch
https://vnexpress.net/loai-thit-nao-khong-duoc-lam-nhan-banh-pizza-4392549.html,Du lịch
https://vnexpress.net/cay-thong-cao-25m-thu-hut-gioi-tre-sai-gon-4394102.html,Du lịch
https://vnexpress.net/thuong-thuc-lau-mot-nguoi-trong-khong-gian-chuan-nhat-4393409.html,Du lịch
https://vnexpress.net/6-diem-song-ao-noi-tieng-viet-nam-bien-mat-4393149.html,Du lịch
https://vnexpress.net/tai-tao-canh-quan-sau-khi-cay-song-ao-lao-than-bi-don-4393273.html,Du lịch
https://vnexpress.net/du-khach-trai-nghiem-khac-biet-o-da-lat-sau-gian-cach-4392950.html,Du lịch
https://vnexpress.net/thi-tran-nhu-tro-choi-lego-4392923.html,Du lịch
https://vnexpress.net/nhung-sai-lam-pho-bien-khi-dong-do-di-du-lich-4392829.html,Du lịch
https://vnexpress.net/8-quan-ca-phe-don-giang-sinh-som-tai-sai-gon-4387785.html,Du lịch
https://vnexpress.net/hai-mon-an-vat-co-bien-tau-la-tu-dau-hu-4392543.html,Du lịch
https://vnexpress.net/nhiep-anh-gia-danh-sau-nam-chup-hon-770-ga-tau-4392834.html,Du lịch
https://vnexpress.net/vi-sao-co-loi-don-di-da-lat-ve-se-chia-tay-4392657.html,Du lịch
https://vnexpress.net/golf-tour-mot-trong-nhung-chia-khoa-mo-cua-du-lich-quoc-te-4393334.html,Du lịch
https://vnexpress.net/cam-sanh-ha-giang-dac-san-niu-chan-khach-phuong-xa-4393066.html,Du lịch
https://vnexpress.net/cay-phong-ba-song-ao-o-lao-than-bi-don-ha-4392946.html,Du lịch
https://vnexpress.net/hai-ngay-cua-du-khach-han-quoc-o-phu-quoc-4392833.html,Du lịch
https://vnexpress.net/co-gai-viet-du-lich-5-nuoc-chau-au-sau-dai-dich-4392222.html,Du lịch
https://vnexpress.net/vi-sao-hanh-khach-thich-xep-hang-de-len-may-bay-4392729.html,Du lịch
https://vnexpress.net/mat-trai-cua-nghe-review-du-lich-4392505.html,Du lịch
https://vnexpress.net/bi-quyet-song-ao-don-gian-ma-hieu-qua-tai-santorini-4386817.html,Du lịch
https://vnexpress.net/con-duong-co-lau-ruc-ro-dip-cuoi-nam-o-can-gio-4392165.html,Du lịch
https://vnexpress.net/8-lau-dai-dep-nhat-dan-mach-4385962.html,Du lịch
https://vnexpress.net/lam-gi-khi-nguoi-ngoi-canh-tren-may-bay-lien-tuc-lam-phien-4392552.html,Du lịch
https://vnexpress.net/trai-nghiem-nghi-duong-cua-nhung-du-khach-quoc-te-dau-tien-tai-phu-quoc-4392839.html,Du lịch
https://vnexpress.net/hon-200-du-khach-han-hao-huc-nghi-duong-tai-phu-quoc-4392851.html,Du lịch
https://vnexpress.net/sun-group-dua-thuong-hieu-curio-collection-by-hilton-den-viet-nam-4390393.html,Du lịch
https://vnexpress.net/vlogger-bi-nha-hang-buffet-cam-cua-vi-an-qua-nhieu-4391887.html,Du lịch
https://vnexpress.net/10-cach-cu-xu-tai-khach-san-co-the-bi-coi-la-tho-lo-4391261.html,Du lịch
https://vnexpress.net/noi-du-khach-thi-nhau-nhan-1-000-nut-thang-may-4391933.html,Du lịch
https://vnexpress.net/tu-van-an-choi-o-sa-pa-ngay-mo-tro-lai-4388170.html,Du lịch
https://vnexpress.net/nhung-quan-ca-phe-ngam-hoang-hon-sai-gon-4383315.html,Du lịch
https://vnexpress.net/elon-musk-va-ceo-binance-khau-chien-4393755.html,Khoa học
https://vnexpress.net/sap-bay-hacker-nhieu-nguoi-mat-sach-tien-dien-tu-4393293.html,Khoa học
https://vnexpress.net/ceo-31-tuoi-tu-tay-trang-lap-ra-startup-6-ty-usd-4393479.html,Khoa học
https://vnexpress.net/jeff-bezos-khong-tin-vao-can-bang-cong-viec-va-cuoc-song-4393692.html,Khoa học
https://vnexpress.net/grado-sr125x-tai-nghe-hoai-co-chat-my-4393613.html,Khoa học
https://vnexpress.net/xiaomi-tut-lai-sau-apple-vi-ngam-don-thieu-chip-4393735.html,Khoa học
https://vnexpress.net/cac-dien-gia-noi-bat-tai-dien-dan-chuyen-doi-so-2021-4392993.html,Khoa học
https://vnexpress.net/loat-smartphone-tam-trung-ban-tot-tai-viet-nam-4393268.html,Khoa học
https://vnexpress.net/huawei-watch-gt-3-smartwatch-pin-2-tuan-4393599.html,Khoa học
https://vnexpress.net/apple-kien-cong-ty-lam-phan-mem-hack-iphone-4393610.html,Khoa học
https://vnexpress.net/samsung-chiem-thi-phan-smartwatch-cua-apple-4393058.html,Khoa học
https://vnexpress.net/amazon-va-apple-bi-phat-hon-200-trieu-euro-4393588.html,Khoa học
https://vnexpress.net/apple-tre-hen-voi-chau-a-4393521.html,Khoa học
https://vnexpress.net/huawei-ban-lai-smartphone-doi-cu-4393063.html,Khoa học
https://vnexpress.net/cac-ty-phu-cong-nghe-so-huu-tien-dien-tu-nao-4392734.html,Khoa học
https://vnexpress.net/loat-noi-chien-khong-dau-tren-10-lit-tam-gia-3-trieu-dong-4393034.html,Khoa học
https://vnexpress.net/bat-dau-vong-so-loai-tech-awards-2021-4393215.html,Khoa học
https://vnexpress.net/ngay-cang-it-nhan-vien-muon-gan-bo-voi-facebook-4393052.html,Khoa học
https://vnexpress.net/thiet-bi-smarthome-troi-noi-san-choi-moi-cua-hacker-4391090.html,Khoa học
https://vnexpress.net/apple-sua-mien-phi-loa-iphone-12-4392488.html,Khoa học
https://vnexpress.net/gan-1-ty-dong-giai-thuong-cho-ban-tre-yeu-cong-nghe-tai-fpt-techday-2021-4387994.html,Khoa học
https://vnexpress.net/mua-hoa-mu-cang-chai-ruc-ro-duoi-ong-kinh-oppo-reno6-5g-4387039.html,Khoa học
https://vnexpress.net/hoan-doi-sim-noi-lo-cua-nha-dau-tu-tien-so-4392789.html,Khoa học
https://vnexpress.net/co-may-150-trieu-usd-thong-tri-nganh-ban-dan-toan-cau-4391085.html,Khoa học
https://vnexpress.net/elon-musk-khuyen-khich-nhan-vien-nghe-nhac-4392728.html,Khoa học
https://vnexpress.net/vong-so-loai-tech-awards-2021-bat-dau-tu-trua-mai-4392540.html,Khoa học
https://vnexpress.net/tai-nghe-airb-co-gia-thap-nhat-1-5-trieu-dong-4392665.html,Khoa học
https://vnexpress.net/thanh-pho-bitcoin-dau-tien-tren-the-gioi-4392476.html,Khoa học
https://vnexpress.net/vnexpress-to-chuc-dien-dan-truc-tuyen-ve-chuyen-doi-so-4387710.html,Khoa học
https://vnexpress.net/5-smartphone-tam-trung-moi-ra-mat-4390448.html,Khoa học
https://vnexpress.net/giai-phap-cong-nghe-giup-doanh-nghiep-tai-thiet-but-pha-trong-covid-19-4387952.html,Khoa học
https://vnexpress.net/apple-watch-series-8-lo-anh-gay-that-vong-4392484.html,Khoa học
https://vnexpress.net/mediatek-pha-hoi-nong-len-qualcomm-4392479.html,Khoa học
https://vnexpress.net/my-trung-chuan-bi-cho-cuoc-canh-tranh-cong-nghe-tiep-theo-4392162.html,Khoa học
https://vnexpress.net/trom-46-trieu-usd-tien-dien-tu-bang-cach-hoan-doi-sim-dien-thoai-4392163.html,Khoa học
https://vnexpress.net/lai-bitcoin-100-lan-nhung-khong-the-rut-tien-4391947.html,Khoa học
https://vnexpress.net/con-trai-elon-musk-gay-sot-trong-cuoc-hop-cua-cha-4391832.html,Khoa học
https://vnexpress.net/loat-san-pham-doc-la-duoc-cho-don-cua-apple-4389245.html,Khoa học
https://vnexpress.net/apple-bi-nghi-gian-lan-ket-qua-danh-gia-ung-dung-4391839.html,Khoa học
https://vnexpress.net/5-smart-tv-40-inch-tam-gia-5-trieu-dong-4387708.html,Khoa học
https://vnexpress.net/chang-ky-su-giup-hang-tram-nghin-nguoi-tiep-can-lap-trinh-4386068.html,Khoa học
https://vnexpress.net/ung-dung-dieu-khien-xe-tesla-loi-toan-cau-4391333.html,Khoa học
https://vnexpress.net/cuu-ky-su-apple-chia-se-bi-kip-dung-iphone-4390193.html,Khoa học
https://vnexpress.net/nguoi-dan-ong-tra-lai-400-trieu-dong-nhat-duoc-4394104.html,Thể thao
https://vnexpress.net/ong-vu-duc-dam-khoi-day-khat-vong-chong-tut-hau-4394098.html,Thể thao
https://vnexpress.net/covid-19/covid-19-viet-nam,Thể thao
https://vnexpress.net/ho-so-rut-bao-hiem-xa-hoi-mot-lan-tang-manh-4393917.html,Thể thao
https://vnexpress.net/kien-nghi-trung-uong-ho-tro-83-000-ty-dong-lam-vanh-dai-3-4394058.html,Thể thao
https://vnexpress.net/nhieu-tuyen-duong-xuong-cap-sau-thi-cong-dien-gio-4393988.html,Thể thao
https://vnexpress.net/hoi-kien-truc-su-chua-dong-thuan-nang-dinh-tinh-truong-o-da-lat-4393828.html,Thể thao
https://vnexpress.net/tong-bi-thu-van-hoa-con-thi-dan-toc-con-4393883.html,Thể thao
https://vnexpress.net/de-xuat-chua-khai-tu-xe-tho-so-ba-banh-4393874.html,Thể thao
https://vnexpress.net/tien-do-xay-dung-cao-toc-bac-nam-4393678.html,Thể thao
https://vnexpress.net/10-giai-phap-phat-trien-gia-tri-van-hoa-suc-manh-nguoi-viet-4393806.html,Thể thao
https://vnexpress.net/nhieu-tinh-ty-le-phu-vaccine-mui-hai-thap-4393626.html,Thể thao
https://vnexpress.net/de-xuat-dau-tu-59-du-an-giao-thong-trong-diem-4393532.html,Thể thao
https://vnexpress.net/oto-khach-tong-xe-container-tren-cao-toc-mot-nguoi-chet-4393607.html,Thể thao
https://vnexpress.net/them-bon-tau-metro-so-1-sap-ve-tp-hcm-4393586.html,Thể thao
https://vnexpress.net/hom-nay-hoi-nghi-van-hoa-toan-quoc-duoc-to-chuc-4393581.html,Thể thao
https://vnexpress.net/oppo-ung-ho-900-trieu-dong-cho-anh-sang-hoc-duong-4393569.html,Thể thao
https://vnexpress.net/cac-thi-sinh-dat-giai-vi-mot-viet-nam-tat-thang-4393515.html,Thể thao
https://vnexpress.net/chay-xuong-nem-2-000-m2-gan-khu-dan-cu-4393579.html,Thể thao
https://vnexpress.net/nhieu-f1-o-ha-noi-van-cach-ly-tap-trung-4393528.html,Thể thao
https://vnexpress.net/hon-10-canh-sat-bat-to-ong-o-thao-cam-vien-4393542.html,Thể thao
https://vnexpress.net/ong-vo-van-thuong-phong-chong-tham-nhung-khong-ngung-nghi-4393418.html,Thể thao
https://vnexpress.net/thi-diem-thu-phi-khong-dung-tren-toan-cao-toc-ha-noi-hai-phong-4393161.html,Thể thao
https://vnexpress.net/ban-chi-dao-trung-uong-ve-phong-chong-tham-nhung-tieu-cuc-co-18-thanh-vien-4393495.html,Thể thao
https://vnexpress.net/canh-quat-dien-gio-bi-gay-co-the-do-loi-thiet-ke-4393436.html,Thể thao
https://vnexpress.net/thu-gui-ba-da-mat-cua-nam-sinh-mac-benh-hiem-ngheo-4393374.html,Thể thao
https://vnexpress.net/tuyen-tranh-bot-cai-lay-hu-hong-nang-4393385.html,Thể thao
https://vnexpress.net/kien-nghi-tam-hoan-du-an-buyt-nhanh-o-tp-hcm-4393376.html,Thể thao
https://vnexpress.net/nhieu-tinh-ap-them-bien-phap-chong-dich-4393230.html,Thể thao
https://vnexpress.net/ha-noi-ly-giai-viec-bon-quan-khong-cach-ly-f1-tai-nha-4393338.html,Thể thao
https://vnexpress.net/ha-noi-bat-dau-tiem-vaccine-dai-tra-cho-hoc-sinh-4393307.html,Thể thao
https://vnexpress.net/de-xuat-hai-du-an-duong-sat-90-000-ty-dong-4393254.html,Thể thao
https://vnexpress.net/kien-nghi-cho-bac-si-moi-ra-truong-thuc-hanh-tai-tram-y-te-4393152.html,Thể thao
https://vnexpress.net/dung-nguon-thu-4-cao-toc-tra-no-cho-du-an-ben-luc-long-thanh-4393045.html,Thể thao
https://vnexpress.net/khoi-cong-trung-tu-dien-thai-hoa-4393545.html,Thể thao
https://vnexpress.net/san-bay-dien-bien-se-duoc-mo-rong-4393419.html,Thể thao
https://vnexpress.net/truong-quoc-hoc-hue-tro-thanh-di-tich-quoc-gia-dac-biet-4393223.html,Thể thao
https://vnexpress.net/trong-200-cay-de-chiem-dat-rung-da-lat-4393001.html,Thể thao
https://vnexpress.net/pho-giam-doc-benh-vien-mat-tp-hcm-bi-bat-4393833.html,Giải trí
https://vnexpress.net/cuu-pho-giam-doc-so-tai-chinh-binh-duong-bi-bat-4394039.html,Giải trí
https://vnexpress.net/camera-an-ninh-giat-iphone-tren-tay-nan-nhan-4393984.html,Giải trí
https://vnexpress.net/5-thac-mac-ve-huong-bao-hiem-xa-hoi-khi-om-dau-4393837.html,Giải trí
https://vnexpress.net/ke-tan-cong-tai-xe-grap-linh-an-4393906.html,Giải trí
https://vnexpress.net/can-bo-toa-cap-cao-nhan-931-trieu-dong-chay-an-4394082.html,Giải trí
https://vnexpress.net/5-nguoi-linh-an-tu-hinh-4394035.html,Giải trí
https://vnexpress.net/cau-do-tim-manh-moi-pha-an-qua-buc-anh-trong-dien-thoai-4394040.html,Giải trí
https://vnexpress.net/vec-hu-hong-cua-cao-toc-da-nang-quang-ngai-chi-la-cuc-bo-4394005.html,Giải trí
https://vnexpress.net/linh-an-vi-lay-ncov-cho-gia-dinh-vo-4393977.html,Giải trí
https://vnexpress.net/chu-dau-tu-nha-thau-cao-toc-da-nang-quang-ngai-do-loi-cho-nhau-4393757.html,Giải trí
https://vnexpress.net/tu-tu-tron-khoi-chi-hoa-nhu-the-nao-4393866.html,Giải trí
https://vnexpress.net/ba-co-gai-lua-ban-dat-lay-tien-chung-do-da-banh-4393690.html,Giải trí
https://vnexpress.net/ke-gieo-rac-noi-kinh-hoang-o-my-4393369.html,Giải trí
https://vnexpress.net/canh-sat-dao-dien-vu-cuop-bitcoin-tri-gia-37-ty-dong-4393558.html,Giải trí
https://vnexpress.net/vo-thuong-ta-bien-phong-bi-bat-vi-tiep-tay-buon-lau-4393552.html,Giải trí
https://vnexpress.net/cuu-pho-tong-giam-doc-vec-phan-doi-cao-buoc-4393494.html,Giải trí
https://vnexpress.net/dai-gia-bat-dong-san-da-nang-bi-phat-12-nam-tu-4393530.html,Giải trí
https://vnexpress.net/danh-trao-so-do-cua-nhieu-nguoi-4393514.html,Giải trí
https://vnexpress.net/ke-giet-nguoi-hang-loat-va-giao-dich-ngam-voi-canh-sat-4393502.html,Giải trí
https://vnexpress.net/cau-do-tim-ke-trom-sieu-thi-qua-camera-giam-sat-4393520.html,Giải trí
https://vnexpress.net/ban-tinh-nhan-sang-trung-quoc-4393499.html,Giải trí
https://vnexpress.net/bi-phat-chung-than-vi-chiem-doat-hon-155-ty-dong-cua-bidv-4393478.html,Giải trí
https://vnexpress.net/ba-khau-sung-trong-nha-ong-trum-lo-de-4393457.html,Giải trí
https://vnexpress.net/ke-ban-giam-doc-trong-quan-ca-phe-bi-khoi-to-4393330.html,Giải trí
https://vnexpress.net/sat-hai-nguoi-tinh-cua-vo-cu-ve-nha-co-thu-4393353.html,Giải trí
https://vnexpress.net/giam-doc-cong-ty-bao-hiem-bi-bat-4393269.html,Giải trí
https://vnexpress.net/chieu-thong-thau-bang-quan-xanh-tai-so-y-te-son-la-4393108.html,Giải trí
https://vnexpress.net/hai-cuu-pho-tong-giam-doc-vec-hau-toa-4392994.html,Giải trí
https://vnexpress.net/canh-sat-chim-giang-bay-ke-au-dam-4392895.html,Giải trí
https://vnexpress.net/6-nham-tuong-chia-tai-san-chung-khi-ly-hon-4392955.html,Giải trí
https://vnexpress.net/khoi-to-19-bi-can-vu-hon-chien-tai-do-son-4393035.html,Giải trí
https://vnexpress.net/xet-xu-dai-gia-bat-dong-san-bi-cao-buoc-chiem-doat-50-ty-dong-4392997.html,Giải trí
https://vnexpress.net/hon-chien-truoc-mat-canh-sat-4392988.html,Giải trí
https://vnexpress.net/sat-hai-nguoi-tinh-cua-vo-cu-4392992.html,Giải trí
https://vnexpress.net/cau-do-tinh-y-phat-hien-chiec-xe-an-trom-qua-hinh-ve-4392985.html,Giải trí
https://vnexpress.net/cong-an-danh-keng-vay-bat-hai-cau-tac-4392979.html,Giải trí
https://vnexpress.net/linh-an-tu-khi-giup-con-no-kiem-tien-bat-chinh-4392910.html,Giải trí
https://vnexpress.net/ong-to-cua-nganh-phap-y-trung-quoc-4392913.html,Giải trí
https://vnexpress.net/thu-tien-bao-ke-qua-phi-ve-sinh-4392952.html,Giải trí
https://video.vnexpress.net/tin-tuc/phap-luat/xuyen-rung-pha-duong-day-ma-tuy-khung-xuyen-quoc-gia-4392753.html,Giải trí
https://vnexpress.net/cuu-cong-an-giup-ke-tron-truy-na-quoc-te-lam-gia-cmnd-4392792.html,Giải trí
https://vnexpress.net/so-phan-phap-ly-cua-phan-sao-nam-khi-quay-lai-nha-tu-4392570.html,Giải trí
https://vnexpress.net/chuoi-an-mang-trong-nhung-thung-phuy-axit-4392487.html,Giải trí
https://vnexpress.net/chan-300-000-vien-ma-tuy-tong-hop-vao-viet-nam-4392712.html,Giải trí
https://vnexpress.net/canh-sat-vay-bat-nhom-quai-xe-luc-nua-dem-4392727.html,Giải trí
https://vnexpress.net/bao-ke-xay-nha-trai-phep-can-bo-do-thi-bi-bat-4392635.html,Giải trí
https://vnexpress.net/viet-nam-lam-ban-do-lo-trinh-cong-nghe-ung-dung-iot-4393468.html,Công nghệ
https://vnexpress.net/hai-may-bay-va-cham-tai-san-do-noi-bai-4395489.html,Giáo dục
https://vnexpress.net/de-xuat-ho-tro-4-100-ty-dong-xay-duong-noi-san-bay-long-thanh-4395339.html,Tin tức
https://vietnamnet.vn/vn/kinh-doanh/doanh-nhan/nu-dai-gia-di-rolls-royce-dau-tien-viet-nam-bi-tuyen-an-chung-than-794845.html,Thể thao
https://vnexpress.net/ha-noi-du-kien-cho-cap-thpt-di-hoc-tu-6-12-4396122.html,Giáo dục
https://vietnamnet.vn/vn/kinh-doanh/ecopark-xay-dai-trung-tam-thuong-mai-tren-mat-nuoc-dau-tien-cua-viet-nam-797671.html,Thể thao
https://dantri.com.vn/the-thao/sau-jack-grealish-man-utd-tung-tiec-ngan-ngo-khi-bo-lo-ba-bom-tan-20211201232757807.htm,Thể thao
https://vnexpress.net/bo-tu-lenh-thu-do-phu-trach-cach-ly-f1-o-4-quan-trung-tam-4391795.html,Tin tức
https://vnexpress.net/robot-co-bieu-cam-khuon-mat-giong-nguoi-that-4398303.html,Khoa học
